iteration,steps,time_consumed
122223,31,1.0811731815338135
122223,31,1.0414683818817139
